frame,axis_0_2,axis_1_3,tenzo_0,tenzo_1,tenzo_2,tenzo_3,mean_tenzo_0_2,mean_tenzo_1_3,correct_force_X(N),correct_force_Y(N)
1,0.06,0.06,-1823.9666666666667,4270.466666666666,463.76666666666665,3036.8333333333335,-680.1,3653.6499999999996,-0.015520183448376067,0.0715069967707212
2,0.12,0.12,705.5,18345.0,2511.4333333333334,17173.2,1608.4666666666667,17759.1,0.03670592227211384,0.34757021234954494
3,0.18,0.18,1927.103448275862,30603.241379310344,3353.4137931034484,29298.03448275862,2640.2586206896553,29950.637931034482,0.06025187199567683,0.5861755148455716
4,0.26,0.26,3838.8846153846152,45939.066666666666,5155.366666666667,43722.96666666667,4497.125641025641,44831.01666666666,0.1026264004398085,0.8774051603222754
5,0.32,0.32,5822.758620689655,63669.107142857145,6758.7037037037035,61176.75862068965,6290.731162196679,62422.9328817734,0.14355727343288993,1.221703354178949
6,0.38,0.38,7026.7,79289.41379310345,7967.653846153846,75972.66666666667,7497.176923076922,77631.04022988505,0.1710889004427076,1.519347103041101
7,0.46,0.46,9421.2,99576.3,10105.666666666666,95757.13333333333,9763.433333333334,97666.71666666667,0.2228058762230895,1.9114730730338914
8,0.52,0.52,11960.272727272728,122877.2,12528.034482758621,117648.41379310345,12244.153605015676,120262.80689655172,0.27941701238044175,2.3537098913113166
9,0.58,0.58,14142.0,140428.55172413794,14487.633333333333,134718.86666666667,14314.816666666666,137573.7091954023,0.326670461250607,2.69250825316376
10,0.66,0.66,17087.137931034482,160029.0344827586,16922.206896551725,154090.5172413793,17004.6724137931,157059.77586206896,0.3880541616550636,3.073877597848497
11,0.72,0.72,20331.266666666666,183465.2,20030.36,176709.4,20180.81333333333,180087.3,0.4605351052356521,3.5245581759467655
12,0.78,0.78,22885.85714285714,199380.3103448276,22191.035714285714,192350.93103448275,22538.446428571428,195865.6206896552,0.5143373374692324,3.8333617905794144
13,0.86,0.86,26758.931034482757,223149.89655172414,25619.52,215557.75862068965,26189.22551724138,219353.8275862069,0.5976497344485778,4.293058569061687
14,0.92,0.92,30724.344827586207,248586.33333333334,29604.137931034482,239669.86666666667,30164.241379310344,244128.1,0.6883613583120024,4.77792543301693
15,0.98,0.98,33306.65517241379,262375.4482758621,32006.206896551725,255901.2068965517,32656.431034482757,259138.3275862069,0.745234230884302,5.071696400552048
16,1.06,1.06,37123.75862068965,287268.6206896552,35584.137931034486,277033.2,36353.94827586207,282150.9103448276,0.8296132132247525,5.522084555139007
17,1.12,1.12,40893.42857142857,308618.7931034483,38793.10344827586,298294.5172413793,39843.26600985222,303456.6551724138,0.9092409905239716,5.9390675246582605
18,1.18,1.18,43405.954545454544,323862.6551724138,41209.96551724138,312970.0,42307.96003134796,318416.3275862069,0.9654864005485705,6.231849057367784
19,1.26,1.26,47580.46666666667,347683.3,45137.44827586207,336423.93333333335,46358.957471264366,342053.6166666667,1.0579319576966435,6.694463580911375
20,1.32,1.32,52321.04,373671.6896551724,49409.137931034486,361472.2413793103,50865.08896551724,367571.9655172414,1.1607638756988632,7.193893052495183
21,1.38,1.38,55461.5,391108.0,52756.153846153844,377677.7,54108.82692307692,384392.85,1.2347874136488513,7.523101086211958
22,1.46,1.46,60661.269230769234,416541.1034482759,57260.89655172414,402861.6206896552,58961.08289124668,409701.36206896557,1.3455180455624995,8.018423761013123
23,1.52,1.52,66426.26666666666,444580.51851851854,62835.31034482759,430991.2068965517,64630.78850574713,437785.86270753515,1.4749032407328198,8.568076381398084
24,1.58,1.58,69524.93103448275,461969.8965517241,65795.03448275862,446604.6551724138,67659.9827586207,454287.275862069,1.5440307962472504,8.891031918232096
25,1.66,1.66,75264.61538461539,491606.275862069,71947.33333333333,475330.4,73605.97435897436,483468.3379310345,1.6797209600760874,9.46214576633789
26,1.72,1.72,83092.72413793103,526264.7931034482,79197.31034482758,509642.8275862069,81145.0172413793,517953.8103448276,1.8517652602673806,10.137074280161025
27,1.78,1.78,87044.73333333334,544010.2142857143,83012.5,526116.2666666667,85028.61666666667,535063.2404761906,1.9403907205239133,10.471929552327833
28,1.86,1.86,92982.72413793103,569406.3793103448,89347.36,552158.5769230769,91165.04206896551,560782.4781167109,2.080426668121256,10.97529069608985
29,1.92,1.92,102852.0,608038.6206896552,97954.93103448275,588443.5862068966,100403.46551724138,598241.103448276,2.291251586061295,11.708407935184969
30,1.98,1.98,107170.53333333334,629363.9666666667,102948.61538461539,608442.1,105059.57435897437,618903.0333333333,2.3975060536091584,12.112790553544052
31,1.92,1.92,103812.03448275862,611531.4444444445,101861.28,592584.8620689656,102836.65724137932,602058.153256705,2.346778099697071,11.783112892782171
32,1.86,1.86,76700.27586206897,479322.4482758621,73238.8275862069,463550.1724137931,74969.55172413794,471436.3103448276,1.71083839994286,9.226662302472405
33,1.8,1.8,56604.96666666667,360266.8333333333,53744.933333333334,353941.63333333336,55174.95,357104.23333333334,1.259116814813964,6.989025018755912
34,1.72,1.72,40229.31034482759,269954.2068965517,38441.75862068965,261697.06896551725,39335.53448275862,265825.6379310345,0.8976543320281376,5.20257633684381
35,1.66,1.66,27193.833333333332,198930.23333333334,25919.966666666667,191458.2,26556.9,195194.21666666667,0.606040229113628,3.8202214828587273
36,1.6,1.6,19359.41379310345,157734.9655172414,19252.24,151465.93103448275,19305.826896551727,154600.4482758621,0.44056752691821144,3.025745146802272
37,1.52,1.52,13229.566666666668,124883.23333333334,13211.166666666666,119207.26666666666,13220.366666666667,122045.25,0.30169462714521783,2.388594774439769
38,1.46,1.46,8440.862068965518,96843.68965517242,8923.827586206897,92743.10344827586,8682.344827586207,94793.39655172414,0.1981349573389163,1.8552382141447137
39,1.4,1.4,5679.3,80615.36666666667,6692.9,77035.2,6186.1,78825.28333333333,0.1411695439347143,1.542720096552174
40,1.32,1.32,3762.2,64934.51724137931,4620.733333333334,61587.96666666667,4191.466666666667,63261.24195402299,0.09565112716426998,1.2381102251496818
41,1.26,1.26,1744.5833333333333,50880.57142857143,3191.551724137931,48154.68965517241,2468.067528735632,49517.63054187192,0.05632239495509069,0.9691286924722952
42,1.2,1.2,611.0344827586207,41369.0,2232.7586206896553,39005.066666666666,1421.8965517241381,40187.03333333333,0.03244830955355385,0.7865159669895946
43,1.12,1.12,-768.1034482758621,29811.793103448275,1002.6551724137931,27968.689655172413,117.27586206896552,28890.241379310344,0.0026762871539138264,0.5654220839477512
44,1.06,1.06,-1863.5,20702.103448275862,216.48275862068965,18512.703703703704,-823.5086206896551,19607.40357598978,-0.0187928317371307,0.38374407624992235
45,1.0,1.0,-2208.233333333333,15235.6,-208.24137931034483,13583.133333333333,-1208.237356321839,14409.366666666667,-0.027572512011903926,0.28201128616629156
46,0.92,0.92,-3045.0344827586205,9547.8,-613.9310344827586,8125.133333333333,-1829.4827586206895,8836.466666666667,-0.04174960745395414,0.17294190560067849
47,0.86,0.86,-3226.259259259259,5692.517241379311,-975.3666666666667,4285.0,-2100.812962962963,4988.758620689656,-0.04794148298178453,0.09763692378294658
48,0.8,0.8,-3596.6206896551726,4581.6551724137935,-918.5714285714286,3308.2413793103447,-2257.5960591133007,3944.948275862069,-0.0515193427286712,0.07720810795306916
49,0.72,0.72,-3775.9,2140.1666666666665,-1155.3333333333333,812.7241379310345,-2465.616666666667,1476.4454022988505,-0.05626646519635373,0.02889608381052648
50,0.66,0.66,-4030.4333333333334,-507.7241379310345,-1545.148148148148,-1506.9655172413793,-2787.7907407407406,-1007.3448275862069,-0.06361862036756433,-0.01971513509318342
51,0.6,0.6,-4538.137931034483,-2743.5172413793102,-1868.344827586207,-3399.9285714285716,-3203.241379310345,-3071.722906403941,-0.07309938808458423,-0.060117876629884354
52,0.52,0.52,-4786.3,-5219.466666666666,-2257.133333333333,-5724.033333333334,-3521.7166666666667,-5471.75,-0.08036713530344086,-0.10708973480771113
53,0.46,0.46,-5532.766666666666,-7672.1,-2787.551724137931,-7396.9,-4160.159195402299,-7534.5,-0.09493667679325431,-0.1474606125844016
54,0.4,0.4,-5653.035714285715,-9360.172413793103,-3039.6,-10078.0,-4346.317857142857,-9719.08620689655,-0.0991848999673723,-0.19021599387213134
55,0.32,0.32,-6017.586206896552,-12093.758620689656,-3724.862068965517,-12025.724137931034,-4871.224137931034,-12059.741379310344,-0.11116349395507603,-0.23602586122537125
56,0.26,0.26,-6636.3448275862065,-14934.633333333333,-4349.535714285715,-15027.8,-5492.94027093596,-14981.216666666667,-0.12535133168048615,-0.2932031836122256
57,0.2,0.2,-7070.533333333334,-16812.333333333332,-4907.586206896552,-16967.733333333334,-5989.059770114943,-16890.033333333333,-0.1366729985523789,-0.3305613726065825
58,0.12,0.12,-8067.758620689655,-19295.41379310345,-5680.285714285715,-19044.48275862069,-6874.022167487685,-19169.94827586207,-0.15686823271226663,-0.3751824694365803
59,0.06,0.06,-8394.464285714286,-21170.10714285714,-5868.448275862069,-21212.633333333335,-7131.4562807881775,-21191.370238095238,-0.16274299328320277,-0.4147445002073635
60,0.0,0.0,-8493.933333333332,-21938.344827586207,-5705.333333333333,-21918.8,-7099.633333333333,-21928.572413793103,-0.16201677951704013,-0.42917256901444567
61,0.08,0.08,-7126.172413793103,-17034.655172413793,-4813.76,-16682.724137931036,-5969.966206896552,-16858.689655172413,-0.13623727497668034,-0.32994793336280287
62,0.14,0.14,-4042.4333333333334,-3118.7,-1788.8333333333333,-3665.4,-2915.633333333333,-3392.05,-0.0665360449956382,-0.06638712202759565
63,0.2,0.2,-2788.6153846153848,3790.0666666666666,-355.0344827586207,2706.2,-1571.8249336870026,3248.133333333333,-0.03586974168439028,0.06357047330136674
64,0.28,0.28,-1323.7666666666667,7830.551724137931,866.1666666666666,6559.133333333333,-228.8,7194.842528735632,-0.005221317413598653,0.14081304489158689
65,0.34,0.34,-373.39285714285717,10657.896551724138,1732.2857142857142,9196.0,679.4464285714286,9926.948275862069,0.015505268658686247,0.19428414279013737
66,0.4,0.4,74.25925925925925,12751.655172413793,2126.153846153846,11498.689655172413,1100.2065527065527,12125.172413793103,0.025107201189694353,0.23730643729901366
67,0.48,0.48,734.2,15438.448275862069,2558.1,14011.533333333333,1646.15,14724.9908045977,0.03756587264158839,0.288188488200366
68,0.54,0.54,939.6206896551724,19564.206896551725,2980.1785714285716,18006.0,1959.899630541872,18785.103448275862,0.04472577827733323,0.3676505225222793
69,0.6,0.6,1416.8275862068965,23950.88888888889,3421.6071428571427,21987.689655172413,2419.2173645320195,22969.28927203065,0.055207612555556264,0.4495408410222263
70,0.68,0.68,1998.44,30077.933333333334,3843.714285714286,28313.033333333333,2921.077142857143,29195.483333333334,0.06666027514189249,0.571396092246469
71,0.74,0.74,2803.0333333333333,39294.23333333333,4501.62962962963,37499.63333333333,3652.331481481481,38396.933333333334,0.0833478232713891,0.7514812277783215
72,0.8,0.8,3458.206896551724,47860.75862068965,5023.206896551724,45591.0,4240.706896551724,46725.879310344826,0.09677481103554815,0.9144902497376421
73,0.88,0.88,4111.366666666667,59577.1,5908.206896551724,56231.75,5009.786781609195,57904.425,0.11432555490049144,1.1332698894216655
74,0.94,0.94,5884.535714285715,74494.86206896552,7144.068965517241,70462.96551724138,6514.302339901478,72478.91379310345,0.14865926680408234,1.418512844566072
75,1.0,1.0,7250.275862068966,86776.8,8231.5,82964.33333333333,7740.887931034483,84870.56666666667,0.17665049366707164,1.6610346739733177
76,1.08,1.08,8923.266666666666,101342.93333333333,9713.653846153846,97007.86666666667,9318.460256410257,99175.4,0.21265139337728078,1.941000097856933
77,1.14,1.14,11062.896551724138,118594.35714285714,11436.07142857143,113837.10344827586,11249.483990147783,116215.73029556649,0.25671821089055014,2.274502990421108
78,1.2,1.2,13141.344827586207,133532.57692307694,13480.28,128279.74074074074,13310.812413793104,130906.15883190883,0.3037586391839294,2.5620150471065433
79,1.28,1.28,16420.566666666666,152763.4,16125.4,147136.53333333333,16272.983333333334,149949.96666666667,0.371356692524187,2.934728773200248
80,1.34,1.34,20461.793103448275,178555.4827586207,20089.785714285714,171986.41379310345,20275.789408866993,175270.9482758621,0.462702501376645,3.4302954941943846
81,1.4,1.4,24286.58620689655,198758.7,23528.8,192034.63333333333,23907.693103448277,195396.6666666667,0.5455841534965337,3.824183710082526
82,1.48,1.48,29194.344827586207,223881.22222222222,28244.55172413793,216674.55172413794,28719.44827586207,220277.88697318008,0.6553905392994075,4.3111436925957545
83,1.54,1.54,35718.8275862069,257794.3448275862,34686.724137931036,249196.06896551725,35202.77586206897,253495.2068965517,0.803342948494891,4.961252703719576
84,1.6,1.6,41698.03333333333,284859.5,40301.46666666667,275509.63333333336,40999.75,280184.56666666665,0.9356324677805568,5.4836004827608695
85,1.68,1.68,48742.92857142857,319420.8214285714,47300.48275862069,309577.8965517241,48021.70566502463,314499.35899014777,1.0958766084768452,6.155188550545998
86,1.74,1.74,58253.4,366500.8,56383.76666666667,354960.5,57318.583333333336,360730.65,1.3080354776273553,7.059999021430669
87,1.8,1.8,65955.0,405685.3103448276,64001.137931034486,392488.48148148146,64978.06896551725,399086.8959131545,1.4828283347537998,7.810683939977581
88,1.88,1.88,76374.9,459063.3333333333,74488.0,444465.1,75431.45,451764.2166666667,1.7213791233304025,8.84165215122158
89,1.94,1.94,89068.72413793103,526712.448275862,86188.37931034483,510163.8620689655,87628.55172413793,518438.1551724138,1.9997223909338795,10.146553580045284
90,2.0,2.0,99303.18518518518,577564.0666666667,95476.83333333333,559696.0666666667,97390.00925925926,568630.0666666667,2.2224831785660157,11.128878885735721
91,1.92,1.92,97728.41379310345,576758.275862069,93841.0,558042.5172413794,95784.70689655172,567400.3965517242,2.1858494671127993,11.104812536485452
92,1.86,1.86,67939.86666666667,428913.3333333333,65015.03333333333,414260.73333333334,66477.45,421587.0333333333,1.5170448745482246,8.251042828717749
93,1.8,1.8,49340.89655172414,324967.0689655172,47258.93103448276,314409.0689655172,48299.91379310345,319688.0689655172,1.102225441272923,6.256738799599123
94,1.72,1.72,34753.44827586207,242839.1379310345,33675.137931034486,234635.55172413794,34214.293103448275,238737.3448275862,0.7807853338068304,4.67242087929516
95,1.66,1.66,23095.766666666666,180572.37931034484,22612.233333333334,173639.76666666666,22854.0,177106.07298850577,0.5215384098355927,3.4662114294648356
96,1.6,1.6,16727.827586206895,145782.4827586207,16778.275862068964,139945.4827586207,16753.051724137928,142863.9827586207,0.38231206598846285,2.7960462424624857
97,1.52,1.52,11528.433333333332,115817.5172413793,11896.233333333334,109707.03703703704,11712.333333333332,112762.27713920816,0.26728063805596713,2.2069141234799523
98,1.46,1.46,7129.551724137931,88907.3448275862,7961.206896551724,85230.89655172414,7545.379310344828,87069.12068965517,0.17218890028544775,1.7040634247901982
99,1.4,1.4,4579.5,72567.68965517242,5823.5,69134.03333333334,5201.5,70850.86149425288,0.11870053551937672,1.3866496035669416
100,1.32,1.32,2697.9333333333334,56618.933333333334,4025.133333333333,54007.566666666666,3361.5333333333333,55313.25,0.07671168063691285,1.082557001663568
101,1.26,1.26,829.6206896551724,42571.31034482759,2671.6666666666665,40628.31034482759,1750.6436781609195,41599.81034482759,0.03995046469312939,0.8141659721073997
102,1.2,1.2,346.6,34946.6,2153.633333333333,33574.36666666667,1250.1166666666666,34260.48333333334,0.028528216436610878,0.670525165541312
103,1.12,1.12,-339.3666666666667,26138.8,1375.3666666666666,24402.6,518.0,25270.699999999997,0.011820989598968979,0.4945826401800567
104,1.06,1.06,-1051.4827586206898,18243.03846153846,852.8928571428571,16247.931034482759,-99.29495073891633,17245.48474801061,-0.002265954787480438,0.33751804967238697
105,1.0,1.0,-1426.8076923076924,13903.166666666666,586.7666666666667,12220.533333333333,-420.02051282051286,13061.849999999999,-0.009585054272982431,0.2556385164888932
106,0.92,0.92,-2073.1428571428573,10093.466666666667,510.7857142857143,8480.433333333332,-781.1785714285716,9286.95,-0.017826841250568704,0.18175848908895198
107,0.86,0.86,-2130.6,6907.172413793103,215.26666666666668,6203.8,-957.6666666666666,6555.486206896552,-0.021854377810706482,0.12829995512078585
108,0.8,0.8,-2764.5333333333333,5054.933333333333,-67.07142857142857,3974.233333333333,-1415.8023809523809,4514.583333333333,-0.03230923787535446,0.08835665590240402
109,0.72,0.72,-3254.8214285714284,2729.0344827586205,-468.7586206896552,1555.6,-1861.790024630542,2142.31724137931,-0.042486873584212034,0.041928119021025737
110,0.66,0.66,-3556.551724137931,457.55172413793105,-808.8518518518518,-63.13793103448276,-2182.7017879948917,197.20689655172413,-0.049810222265518546,0.0038596124190571316
111,0.6,0.6,-3955.6785714285716,-1103.7666666666667,-1048.3214285714287,-1947.3,-2502.0,-1525.5333333333333,-0.05709674898961464,-0.029856802687803764
112,0.52,0.52,-3808.9310344827586,-2853.8275862068967,-1241.5172413793102,-3482.1,-2525.2241379310344,-3167.9637931034486,-0.05762673411109684,-0.06200144423335842
113,0.46,0.46,-4505.833333333333,-4754.142857142857,-1539.8846153846155,-5723.827586206897,-3022.858974358974,-5238.985221674877,-0.06898298165067078,-0.10253420533662544
114,0.4,0.4,-4567.896551724138,-6196.206896551724,-1682.7857142857142,-6633.793103448276,-3125.3411330049257,-6415.0,-0.07132166993529179,-0.1255504452490459
115,0.32,0.32,-4830.266666666666,-8016.933333333333,-2052.633333333333,-8421.966666666667,-3441.45,-8219.45,-0.07853541439260964,-0.1608660338584989
116,0.26,0.26,-5334.8,-10238.896551724138,-2479.793103448276,-10629.5,-3907.296551724138,-10434.198275862069,-0.08916623918536369,-0.20421172865959622
117,0.2,0.2,-5590.5,-12179.266666666666,-3025.75,-12390.833333333334,-4308.125,-12285.05,-0.09831332203872245,-0.2404354633525785
118,0.12,0.12,-6509.724137931034,-14992.857142857143,-3864.7586206896553,-15467.392857142857,-5187.241379310345,-15230.125,-0.1183751474752299,-0.2980746648400039
119,0.06,0.06,-6858.758620689655,-18108.433333333334,-4449.1,-18461.933333333334,-5653.929310344827,-18285.183333333334,-0.12902517291678003,-0.35786639266725384
120,0.0,0.0,-7207.758620689655,-19918.55172413793,-4643.962962962963,-19668.266666666666,-5925.860791826309,-19793.4091954023,-0.13523076985543797,-0.3873844641433075
121,0.08,0.08,-6600.620689655172,-16011.068965517241,-3797.925925925926,-15730.965517241379,-5199.273307790549,-15871.01724137931,-0.11864972141619519,-0.3106178146859636
122,0.14,0.14,-3746.3,-3152.4,-1441.0666666666666,-4518.3,-2593.6833333333334,-3835.3500000000004,-0.05918900329411684,-0.0750631177218906
123,0.2,0.2,-2495.3703703703704,3213.3333333333335,-79.34482758620689,2392.9666666666667,-1287.3575989782887,2803.15,-0.02937807101867959,0.05486153243957335
124,0.28,0.28,-1314.448275862069,7222.5,1153.0689655172414,6219.6,-80.68965517241384,6721.05,-0.0018413736960183346,0.13154026812799688
125,0.34,0.34,-490.55555555555554,9732.392857142857,1839.4444444444443,8662.785714285714,674.4444444444443,9197.589285714286,0.015391121163822756,0.18000957599988818
126,0.4,0.4,-365.8333333333333,11182.448275862069,2214.366666666667,10112.423076923076,924.2666666666668,10647.435676392572,0.02109217500644864,0.20838508026993977
127,0.48,0.48,24.866666666666667,12887.466666666667,2587.733333333333,11534.833333333334,1306.3,12211.150000000001,0.0298103450060486,0.23898913788041887
128,0.54,0.54,74.72413793103448,15295.785714285714,2872.9310344827586,13892.535714285714,1473.8275862068965,14594.160714285714,0.03363339877842718,0.28562796191967343
129,0.6,0.6,549.7241379310345,17994.275862068964,3169.6428571428573,16412.5,1859.6834975369459,17203.387931034482,0.04243880170223646,0.33669415659133933
130,0.68,0.68,1087.7586206896551,22113.41379310345,3670.1785714285716,20177.37037037037,2378.968596059113,21145.392081736907,0.05428911781908998,0.4138446439326139
131,0.74,0.74,1552.9655172413793,28485.89285714286,4124.037037037037,27033.068965517243,2838.5012771392085,27759.48091133005,0.06477585728517904,0.5432915336398875
132,0.8,0.8,2276.6206896551726,34986.31034482759,4469.533333333334,33484.46666666667,3373.0770114942534,34235.38850574713,0.0769751124891794,0.6700340249681402
133,0.88,0.88,2753.0,44073.31034482759,5105.555555555556,42245.0,3929.277777777778,43159.1551724138,0.08966786050689392,0.8446845126218573
134,0.94,0.94,3993.5,55675.75862068965,5791.2,53553.206896551725,4892.35,54614.48275862069,0.11164559549134341,1.068881157816238
135,1.0,1.0,4957.566666666667,66338.06896551725,6560.4,63163.7,5758.983333333334,64750.88448275862,0.1314225522856545,1.2672645950241437
136,1.08,1.08,6516.827586206897,79507.68965517242,7840.793103448276,75991.58620689655,7178.810344827587,77749.6379310345,0.16382363401385677,1.5216682245040511
137,1.14,1.14,8278.166666666666,95977.6,9460.233333333334,92279.13333333333,8869.2,94128.36666666667,0.20239907519531983,1.8422226571419251
138,1.2,1.2,9653.068965517241,109533.03448275862,10961.379310344828,104859.55172413793,10307.224137931034,107196.29310344828,0.23521542341452656,2.0979800979244208
139,1.28,1.28,11876.1,126115.72413793103,12984.766666666666,121656.2,12430.433333333334,123885.96206896551,0.2836679983475109,2.424620062021049
140,1.34,1.34,14720.192307692309,146938.3,15734.1,141574.26666666666,15227.146153846155,144256.28333333333,0.34749022453010786,2.8232954953191767
141,1.4,1.4,17598.275862068964,163320.3103448276,18265.571428571428,157551.41379310345,17931.923645320196,160435.8620689655,0.4092144457545095,3.13995228630914
142,1.48,1.48,21341.172413793105,184590.0344827586,21908.10714285714,178216.6551724138,21624.639778325123,181403.3448275862,0.49348386467380717,3.550314998093477
143,1.54,1.54,27557.12,214973.3103448276,27470.133333333335,208356.62068965516,27513.626666666667,211664.9655172414,0.6278731557076876,4.1425768767441316
144,1.6,1.6,32970.55172413793,240698.72413793104,32564.241379310344,232812.24137931035,32767.396551724138,236755.4827586207,0.7477665131722452,4.633633090490668
145,1.68,1.68,40165.6,276275.56666666665,39683.13333333333,267165.0333333333,39924.36666666667,271720.3,0.9110917434596341,5.317943047264898
146,1.74,1.74,49370.03448275862,321280.8620689655,48631.275862068964,310953.3103448276,49000.6551724138,316117.0862068966,1.1182166701462721,6.1868497153713005
147,1.8,1.8,57310.6,362372.3793103448,56554.8,350363.6666666667,56932.7,356368.0229885058,1.2992294489212763,6.974616361454267
148,1.88,1.88,67304.4827586207,413188.3793103448,66238.41379310345,399779.7931034483,66771.44827586207,406484.0862068966,1.5237540455155612,7.95545721121238
149,1.94,1.94,80743.6551724138,481696.7931034483,78685.55172413793,466032.6551724138,79714.60344827586,473864.724137931,1.8191225834903582,9.274189727721518
150,2.0,2.0,92353.76666666666,541194.0,89813.63333333333,525056.3333333334,91083.7,533125.1666666667,2.0785704060533026,10.433998760478849
151,1.92,1.92,92834.10344827586,550255.7586206896,89643.27586206897,532011.9655172414,91238.6896551724,541133.8620689656,2.0821073386821456,10.59074003462111
152,1.86,1.86,63463.269230769234,407808.71428571426,61908.55172413793,393245.2068965517,62685.91047745358,400526.960591133,1.430520262076987,7.838868002566454
153,1.8,1.8,46194.36666666667,306777.86666666664,44976.7,296382.2,45585.53333333333,301580.0333333333,1.0402820760555733,5.902339433082167
154,1.72,1.72,32227.724137931036,230007.75862068965,31965.51724137931,221700.8620689655,32096.620689655174,225854.3103448276,0.7324591106842979,4.420282030430132
155,1.66,1.66,21623.633333333335,171216.13333333333,21670.233333333334,164831.9,21646.933333333334,168024.01666666666,0.4939926134805178,3.2884629937697754
156,1.6,1.6,15204.344827586207,138255.8620689655,16368.923076923076,133106.24137931035,15786.63395225464,135681.0517241379,0.36025798407786225,2.655466322030295
157,1.52,1.52,10024.038461538461,107814.03333333334,11015.533333333333,102962.7,10519.785897435897,105388.36666666667,0.2400661769825681,2.0625964706266107
158,1.46,1.46,5679.533333333334,80491.9,7019.066666666667,76730.36666666667,6349.3,78611.13333333333,0.14489384027168675,1.5385288841047722
159,1.4,1.4,3230.9655172413795,64681.75862068965,5018.6551724137935,61903.0,4124.810344827587,63292.379310344826,0.09413000035507056,1.238719626388978
160,1.32,1.32,1527.3666666666666,49115.96666666667,3140.8333333333335,46871.76666666667,2334.1,47993.86666666667,0.053265196569408285,0.9393065205336465
161,1.26,1.26,-369.26666666666665,34525.76666666667,1688.1333333333334,32887.6,659.4333333333334,33706.683333333334,0.015048560954723508,0.659686531624099
162,1.2,1.2,-1049.7241379310344,26240.03448275862,988.7857142857143,24248.44827586207,-30.469211822660043,25244.241379310344,-0.0006953209190047239,0.4940648082847704
163,1.12,1.12,-1747.9,18457.689655172413,454.8,16557.566666666666,-646.5500000000001,17507.62816091954,-0.014754557577632034,0.34264855975965436
164,1.06,1.06,-2532.103448275862,11846.931034482759,11.733333333333333,10276.066666666668,-1260.1850574712644,11061.498850574713,-0.028757981577497954,0.21648887074223921
165,1.0,1.0,-2581.7,8531.9,-194.86206896551724,7221.3,-1388.2810344827585,7876.6,-0.031681188550321586,0.15415598395146296
166,0.92,0.92,-3192.1785714285716,5968.551724137931,-489.0689655172414,4597.931034482759,-1840.6237684729065,5283.241379310345,-0.042003850236936896,0.10340035970858881
167,0.86,0.86,-3639.4,3707.9666666666667,-804.4,2593.3,-2221.9,3150.633333333333,-0.050704742837739715,0.0616622631046743
168,0.8,0.8,-3555.785714285714,2564.6,-808.2962962962963,931.0333333333333,-2182.041005291005,1747.8166666666666,-0.0497951429113297,0.03420719574648531
169,0.72,0.72,-3652.866666666667,519.8,-1166.8214285714287,-703.6206896551724,-2409.8440476190476,-91.91034482758624,-0.05499370930896152,-0.0017988128941694146
170,0.66,0.66,-3833.866666666667,-1247.6666666666667,-1346.2666666666667,-2000.4,-2590.0666666666666,-1624.0333333333333,-0.05910646935772764,-0.03178458427112894
171,0.6,0.6,-4365.620689655172,-2285.0,-1455.3846153846155,-2886.9310344827586,-2910.5026525198937,-2585.9655172413795,-0.06641896058534612,-0.050610930956872094
172,0.52,0.52,-4515.535714285715,-3672.4,-1644.1333333333334,-4522.0344827586205,-3079.834523809524,-4097.2172413793105,-0.07028318894304625,-0.0801882227493749
173,0.46,0.46,-4808.931034482759,-5689.3448275862065,-1893.7777777777778,-6057.133333333333,-3351.354406130268,-5873.23908045977,-0.07647939300641846,-0.11494743283021372
174,0.4,0.4,-4811.862068965517,-7651.518518518518,-2313.2413793103447,-7716.896551724138,-3562.551724137931,-7684.207535121328,-0.08129900941471715,-0.15039059663609605
175,0.32,0.32,-5219.033333333334,-10185.766666666666,-2823.8,-10147.5,-4021.416666666667,-10166.633333333333,-0.09177051079109493,-0.19897511171999868
176,0.26,0.26,-5920.56,-12802.6,-3534.8571428571427,-12872.533333333333,-4727.708571428571,-12837.566666666666,-0.10788840511547032,-0.2512489806569462
177,0.2,0.2,-6412.827586206897,-14522.724137931034,-3980.75,-14269.75,-5196.788793103448,-14396.237068965518,-0.11859302368979617,-0.28175432173335
178,0.12,0.12,-7526.7,-17244.566666666666,-4780.233333333334,-17550.206896551725,-6153.466666666667,-17397.386781609195,-0.14042483680360807,-0.34049098310224474
179,0.06,0.06,-7757.758620689655,-20256.233333333334,-5315.571428571428,-19582.033333333333,-6536.665024630542,-19919.13333333333,-0.14916959318166398,-0.38984505985582407
180,0.0,0.0,-8015.428571428572,-21894.206896551725,-5540.107142857143,-21668.689655172413,-6777.767857142857,-21781.44827586207,-0.15467166668631654,-0.4262931456279884
181,0.08,0.08,-7257.466666666666,-17786.066666666666,-4665.689655172414,-17772.766666666666,-5961.57816091954,-17779.416666666664,-0.13604585604955693,-0.3479678376879668
182,0.14,0.14,-4318.827586206897,-4513.0,-1831.2333333333333,-5106.206896551724,-3075.030459770115,-4809.603448275862,-0.07017355807230759,-0.09413060863638051
183,0.2,0.2,-2797.133333333333,2107.1,-346.0689655172414,847.9,-1571.6011494252873,1477.5,-0.035864634828347515,0.02891672374987768
184,0.28,0.28,-1418.5862068965516,6220.758620689655,928.2758620689655,5042.724137931034,-245.15517241379308,5631.741379310344,-0.005594549697368522,0.1102209879500997
185,0.34,0.34,-730.3666666666667,8786.033333333333,1631.4827586206898,7658.166666666667,450.55804597701155,8222.1,0.010281934315108186,0.16091789803307566
186,0.4,0.4,-353.1034482758621,10348.5,2078.0689655172414,8930.266666666666,862.4827586206897,9639.383333333333,0.019682238839662632,0.18865609811788497
187,0.48,0.48,18.655172413793103,11641.0,2386.0714285714284,10265.392857142857,1202.3633004926107,10953.196428571428,0.027438463454257073,0.21436924216795045
188,0.54,0.54,83.24137931034483,13340.933333333332,2839.714285714286,11897.1,1461.4778325123152,12619.016666666666,0.033351571925196534,0.24697165410836025
189,0.6,0.6,359.51724137931035,15110.464285714286,3128.866666666667,13590.566666666668,1744.1919540229885,14350.515476190478,0.03980323348863152,0.2808594867636849
190,0.68,0.68,787.0370370370371,17633.833333333332,3412.3,15662.192307692309,2099.668518518519,16648.01282051282,0.04791536625229732,0.3258246955771175
191,0.74,0.74,1068.8666666666666,21825.233333333334,3844.3846153846152,20142.7,2456.625641025641,20983.966666666667,0.05606128600603205,0.4106853247219232
192,0.8,0.8,1658.7931034482758,26466.758620689656,4086.4827586206898,24415.896551724138,2872.637931034483,25441.3275862069,0.06555487085784245,0.49792205863992367
193,0.88,0.88,1995.6,33234.433333333334,4532.222222222223,31787.966666666667,3263.9111111111115,32511.2,0.07448389825560565,0.636289265094432
194,0.94,0.94,2962.448275862069,43145.26666666667,5184.931034482759,41452.333333333336,4073.689655172414,42298.8,0.09296340355834098,0.8278461689010667
195,1.0,1.0,3603.4137931034484,52433.07142857143,5900.035714285715,50135.89655172414,4751.7247536945815,51284.48399014778,0.1084364650397434,1.0037084644318972
196,1.08,1.08,4737.866666666667,64360.7,6924.846153846154,61245.36666666667,5831.3564102564105,62803.03333333333,0.1330741379797724,1.2291424470757086
197,1.14,1.14,6554.4,80526.03333333334,8342.966666666667,77136.96666666666,7448.683333333333,78831.5,0.16998225523039945,1.5428417653390742
198,1.2,1.2,8230.448275862069,95321.03571428571,9862.51724137931,91089.0,9046.482758620688,93205.01785714286,0.20644474632607596,1.8241514405938517
199,1.28,1.28,10430.310344827587,111541.72413793103,11756.758620689656,106742.96551724138,11093.534482758621,109142.3448275862,0.25315937400867444,2.13606702862484
200,1.34,1.34,13460.925925925925,133772.8,14598.133333333333,128869.66666666667,14029.52962962963,131321.23333333334,0.3201600846144381,2.5701386306553156
201,1.4,1.4,16509.689655172413,152000.10344827586,17325.758620689656,146535.62068965516,16917.724137931036,149267.8620689655,0.38606996346082856,2.921379040394667
202,1.48,1.48,20351.233333333334,173381.8,20735.466666666667,167041.9,20543.35,170211.84999999998,0.4688083526601918,3.3312819258244444
203,1.54,1.54,25746.103448275862,202776.06896551725,25980.48275862069,195223.1379310345,25863.293103448275,198999.60344827588,0.5902118122991278,3.8946981788487305
204,1.6,1.6,30615.793103448275,227128.7931034483,30783.689655172413,219726.0344827586,30699.741379310344,223427.41379310345,0.7005817056676933,4.372784299698668
205,1.68,1.68,37015.53333333333,258935.03333333333,36989.10344827586,250180.13333333333,37002.3183908046,254557.5833333333,0.844409306632123,4.982044883713344
206,1.74,1.74,45446.793103448275,300476.3103448276,45273.58620689655,289980.6551724138,45360.18965517241,295228.4827586207,1.035139633438327,5.778030781067046
207,1.8,1.8,52423.8,336099.8275862069,52153.63333333333,324852.23333333334,52288.71666666667,330476.0304597701,1.193251690849619,6.46787416498229
208,1.88,1.88,63875.28,388839.1724137931,63185.52,376576.1379310345,63530.399999999994,382707.6551724138,1.4497918872940903,7.49011948668977
209,1.94,1.94,77822.93333333333,463547.75,76236.23333333334,448393.13333333336,77029.58333333334,455970.44166666665,1.7578492343556904,8.92397380696089
210,2.0,2.0,90419.79310344828,527872.1034482758,88218.6551724138,511701.724137931,89319.22413793104,519786.9137931034,2.0383042847923973,10.172950656485046
211,1.92,1.92,91659.75862068965,539603.3793103448,88650.89655172414,521725.9655172414,90155.3275862069,530664.6724137932,2.057384536077592,10.385843476148217
212,1.86,1.86,62564.9,392254.56666666665,60358.03333333333,378672.0,61461.46666666667,385463.2833333333,1.402577911590821,7.5440509508432
213,1.8,1.8,44764.137931034486,296264.0344827586,43795.379310344826,286088.6206896552,44279.75862068965,291176.3275862069,1.010483718339825,5.698724485491866
214,1.72,1.72,31111.633333333335,223325.16666666666,31018.933333333334,215592.96666666667,31065.283333333333,219459.06666666665,0.7089235350817716,4.2951182437942395
215,1.66,1.66,20371.41379310345,166451.0,20987.03448275862,160082.5172413793,20679.224137931036,163266.75862068965,0.4719090607128012,3.195356857240232
216,1.6,1.6,14399.533333333333,134766.58620689655,15610.133333333333,128545.26666666666,15004.833333333332,131655.9264367816,0.34241694742779216,2.576689038786214
217,1.52,1.52,9644.862068965518,104553.5925925926,11076.172413793103,100828.55172413793,10360.517241379312,102691.07215836526,0.23643159565691818,2.0098066769422696
218,1.46,1.46,6197.413793103448,81862.55172413793,7799.892857142857,78147.13793103448,6998.653325123152,80004.8448275862,0.15971237097117846,1.565805750613293
219,1.4,1.4,4129.758620689655,66631.13333333333,5933.931034482759,63362.2,5031.8448275862065,64996.666666666664,0.11482892928672278,1.2720748931728478
220,1.32,1.32,2039.0333333333333,50790.44827586207,4173.517241379311,48338.0,3106.275287356322,49564.224137931036,0.07088657888682134,0.970040593755378
221,1.26,1.26,96.37931034482759,37286.06896551724,2739.9655172413795,35318.31034482759,1418.1724137931035,36302.18965517241,0.032363323075276076,0.71048418935654
222,1.2,1.2,-852.2,28476.068965517243,1997.2142857142858,26786.862068965518,572.5071428571429,27631.46551724138,0.013064866758783268,0.5407860948672352
223,1.12,1.12,-1598.2666666666667,20415.9,1331.0689655172414,18628.6,-133.59885057471263,19522.25,-0.003048784986636851,0.38207750269106566
224,1.06,1.06,-1934.5862068965516,13532.48275862069,888.6428571428571,11932.896551724138,-522.9716748768473,12732.689655172413,-0.011934445423310035,0.24919639211610556
225,1.0,1.0,-2514.6,9681.6,550.3793103448276,8007.666666666667,-982.1103448275862,8844.633333333333,-0.0224121933807852,0.17310173859151254
226,0.92,0.92,-2557.7,6590.5,200.8,5201.066666666667,-1178.4499999999998,5895.783333333333,-0.02689275133765442,0.11538865511954854
227,0.86,0.86,-3015.133333333333,4694.9,-75.62068965517241,3461.6,-1545.3770114942529,4078.25,-0.03526618837714156,0.07981700753498386
228,0.8,0.8,-3340.3333333333335,3795.137931034483,-157.31034482758622,2222.9666666666667,-1748.8218390804598,3009.0522988505745,-0.039908889517799064,0.05889132593894852
229,0.72,0.72,-3135.0,2210.3333333333335,-227.42857142857142,922.2,-1681.2142857142858,1566.2666666666669,-0.038366055183526315,0.03065401050331083
230,0.66,0.66,-3567.0344827586205,1000.6896551724138,-360.8965517241379,-17.821428571428573,-1963.965517241379,491.43411330049264,-0.044818563613984695,0.009618047035923135
231,0.6,0.6,-3527.9333333333334,-21.933333333333334,-355.0344827586207,-814.2666666666667,-1941.483908045977,-418.09999999999997,-0.04430552332736899,-0.008182796751149819
232,0.52,0.52,-3302.6,-1484.1666666666667,-571.4,-1806.9,-1937.0,-1645.5333333333333,-0.044203198558306775,-0.032205369083732914
233,0.46,0.46,-3726.1428571428573,-3114.2413793103447,-776.3793103448276,-3592.448275862069,-2251.2610837438424,-3353.3448275862065,-0.051374775782817746,-0.06562960813359833
234,0.4,0.4,-3998.4583333333335,-4649.586206896552,-1024.8666666666666,-5610.758620689655,-2511.6625,-5130.172413793103,-0.05731725152243324,-0.10040458780297687
235,0.32,0.32,-4306.166666666667,-6938.1,-1438.7586206896551,-7452.8,-2872.462643678161,-7195.450000000001,-0.0655508707226766,-0.14082493394657014
236,0.26,0.26,-5147.9,-9274.2,-2105.766666666667,-9532.586206896553,-3626.833333333333,-9403.393103448278,-0.08276594422881722,-0.18403744208725467
237,0.2,0.2,-5480.3448275862065,-11258.068965517241,-2593.551724137931,-11448.51724137931,-4036.948275862069,-11353.293103448275,-0.09212494899718392,-0.22219968888244007
238,0.12,0.12,-6308.066666666667,-13815.366666666667,-3286.6,-13773.933333333332,-4797.333333333333,-13794.65,-0.10947727304270369,-0.26998042861336724
239,0.06,0.06,-7138.827586206897,-17237.0,-4085.0333333333333,-16710.9,-5611.930459770115,-16973.95,-0.12806674053104194,-0.3322037381348469
240,0.0,0.0,-7633.3448275862065,-19635.266666666666,-4464.6,-19471.166666666668,-6048.972413793103,-19553.216666666667,-0.1380402316368698,-0.3826835632971263
241,0.08,0.08,-6911.793103448276,-16378.964285714286,-3748.6206896551726,-15370.241379310344,-5330.206896551725,-15874.602832512315,-0.12163768394689316,-0.3106879896763346
242,0.14,0.14,-4309.137931034483,-3904.3,-1210.0,-3892.0,-2759.5689655172414,-3898.15,-0.06297458694790906,-0.07629220080242685
243,0.2,0.2,-3070.1,2009.6333333333334,53.233333333333334,1040.2,-1508.4333333333334,1524.9166666666667,-0.03442311726654718,0.029844733666046907
244,0.28,0.28,-2065.9666666666667,5873.827586206897,1101.551724137931,4560.833333333333,-482.2074712643679,5217.330459770115,-0.011004188228496574,0.10211039161894736
245,0.34,0.34,-1379.4285714285713,8282.241379310344,1659.3793103448277,6785.6551724137935,139.97536945812817,7533.948275862069,0.0031942999738926122,0.14744981457798353
246,0.4,0.4,-1271.4333333333334,9599.366666666667,2055.5,8046.0,392.0333333333333,8822.683333333334,0.008946374432012493,0.17267214665492386
247,0.48,0.48,-749.0344827586207,10802.592592592593,2402.344827586207,9375.133333333333,826.6551724137931,10088.862962962963,0.018864637442157058,0.19745303773290857
248,0.54,0.54,-624.2857142857143,12084.137931034482,2646.5862068965516,10374.310344827587,1011.1502463054187,11229.224137931034,0.023074896804191652,0.2197714871891777
249,0.6,0.6,-46.57142857142857,13351.0,2827.448275862069,11659.633333333333,1390.4384236453202,12505.316666666666,0.03173042112725512,0.24474638744821736
250,0.68,0.68,340.1,15451.966666666667,3127.4137931034484,13568.733333333334,1733.7568965517241,14510.35,0.039565100851889315,0.2839876700264214
251,0.74,0.74,715.6206896551724,18796.137931034482,3509.9655172413795,17076.137931034482,2112.793103448276,17936.137931034482,0.048214875097751846,0.3510350901464817
252,0.8,0.8,1472.5666666666666,23068.758620689656,3803.7,21410.333333333332,2638.133333333333,22239.545977011494,0.060203371996190524,0.43525875285275456
253,0.88,0.88,1580.8,29792.41379310345,4307.166666666667,27728.166666666668,2943.9833333333336,28760.29022988506,0.06718300456152772,0.5628787597589796
254,0.94,0.94,2479.2758620689656,39144.44827586207,4931.931034482759,37431.96551724138,3705.6034482758623,38288.206896551725,0.08456351316597017,0.7493533006468681
255,1.0,1.0,3321.3333333333335,48405.46666666667,5575.0,46011.73333333333,4448.166666666667,47208.6,0.10150913494429957,0.9239377629905079
256,1.08,1.08,4331.8,60787.76666666667,6726.586206896552,57918.4,5529.193103448276,59353.083333333336,0.1261786373871681,1.1616221417620771
257,1.14,1.14,5846.482758620689,75460.5172413793,7919.310344827586,71523.86206896552,6882.896551724138,73492.1896551724,0.15707075009403568,1.4383440582282494
258,1.2,1.2,6933.6,88202.06666666667,9181.366666666667,84631.73333333334,8057.483333333334,86416.9,0.1838753410756742,1.6912985615030824
259,1.28,1.28,9052.9,104689.96666666666,11070.2,100619.53333333334,10061.55,102654.75,0.22960903069402763,2.0090958019375673
260,1.34,1.34,11693.241379310344,124861.3448275862,13602.103448275862,119923.72413793103,12647.672413793103,122392.53448275861,0.288625490452925,2.39539161332339
261,1.4,1.4,14708.233333333334,141752.2,16059.966666666667,136360.23333333334,15384.1,139056.21666666667,0.35107198086775804,2.7215229800698046
262,1.48,1.48,18465.137931034482,162971.7931034483,19359.862068965518,155972.6923076923,18912.5,159472.2427055703,0.4315916328001946,3.1210929191813346
263,1.54,1.54,23156.137931034482,189988.8275862069,24208.28,183578.6551724138,23682.20896551724,186783.74137931035,0.5404385055250757,3.655616819244747
264,1.6,1.6,27446.366666666665,211947.3,28033.6,204755.16666666666,27739.98333333333,208351.23333333334,0.6330387151716335,4.077722542975503
265,1.68,1.68,33663.06896551724,242962.6551724138,34007.89655172414,234603.75862068965,33835.48275862069,238783.2068965517,0.7721407138334929,4.673318463578662
266,1.74,1.74,43193.7,287550.56666666665,42882.76666666667,278107.1,43038.23333333334,282828.8333333333,0.9821515609871301,5.535352448054278
267,1.8,1.8,52207.93103448276,329118.5862068966,51373.379310344826,318535.0689655172,51790.6551724138,323826.8275862069,1.1818857067893676,6.33774004474424
268,1.88,1.88,63217.03333333333,383071.9,62609.07692307692,370805.76666666666,62913.05512820513,376938.8333333334,1.4357038036870169,7.377215644061716
269,1.94,1.94,76219.10344827586,450354.0344827586,74005.75862068965,436228.0344827586,75112.43103448275,443291.0344827586,1.714098969134933,8.675820226690647
270,2.0,2.0,86501.75862068965,507334.9655172414,83588.0,491514.7931034483,85044.87931034483,499424.8793103448,1.9407618412609233,9.774437406993734
271,1.92,1.92,87124.2,517998.23333333334,83261.41379310345,501015.1666666667,85192.80689655172,509506.7,1.9441376143457731,9.971752617672962
272,1.86,1.86,59855.28571428572,376696.5517241379,57479.48275862069,363694.7931034483,58667.3842364532,370195.6724137931,1.3388157120807527,7.245242634578591
273,1.8,1.8,43074.48275862069,284939.5517241379,41934.793103448275,274630.3793103448,42504.63793103448,279784.9655172414,0.9699746773951754,5.47577973416658
274,1.72,1.72,30161.724137931036,216083.6896551724,30009.066666666666,207296.43333333332,30085.39540229885,211690.06149425288,0.6865620581688106,4.14306803981315
275,1.66,1.66,19663.862068965518,159664.93103448275,20257.758620689656,153480.5172413793,19960.810344827587,156572.724137931,0.45551453952355075,3.0643453202452493
276,1.6,1.6,13428.666666666666,126937.26666666666,14642.133333333333,122087.66666666667,14035.4,124512.46666666667,0.3202940490682803,2.43688162572985
277,1.52,1.52,8387.931034482759,99769.46428571429,10101.310344827587,95084.03448275862,9244.620689655174,97426.74938423646,0.21096634173518772,1.906776580570241
278,1.46,1.46,4566.4,75708.06666666667,6809.533333333334,72277.73333333334,5687.966666666667,73992.9,0.12980192047480488,1.4481436539778842
279,1.4,1.4,2014.888888888889,60362.51851851852,4830.833333333333,56545.8,3422.861111111111,58454.159259259264,0.07811120770880278,1.1440289511548931
280,1.32,1.32,591.8666666666667,44958.566666666666,3261.4,42322.433333333334,1926.6333333333334,43640.5,0.04396662663003913,0.8541050983462178
281,1.26,1.26,-771.04,31692.41379310345,2030.103448275862,29289.655172413793,629.5317241379311,30491.034482758623,0.014366192979257704,0.5967518246943658
282,1.2,1.2,-1215.6666666666667,24335.466666666667,1499.1,22102.833333333332,141.71666666666658,23219.15,0.003234037148006215,0.454430961933653
283,1.12,1.12,-2101.3,16477.8,726.3333333333334,14827.8,-687.4833333333333,15652.8,-0.01568867438764065,0.30634700068499854
284,1.06,1.06,-2598.1666666666665,10787.142857142857,414.58620689655174,9606.931034482759,-1091.7902298850574,10197.036945812808,-0.02491513697244636,0.19957015257486657
285,1.0,1.0,-2829.4666666666667,8525.310344827587,367.6666666666667,6531.379310344828,-1230.9,7528.344827586207,-0.02808968358565814,0.14734014732530007
286,0.92,0.92,-3343.866666666667,6237.0,0.5172413793103449,4816.466666666666,-1671.6747126436783,5526.733333333334,-0.03814835789772274,0.10816583488273478
287,0.86,0.86,-3452.896551724138,4555.535714285715,-257.51724137931035,3401.5333333333333,-1855.2068965517242,3978.534523809524,-0.042336643683539475,0.07786543739719198
288,0.8,0.8,-3842.7,3585.1428571428573,-362.72,2329.0666666666666,-2102.71,2957.104761904762,-0.04798477420781479,0.05787464060876333
289,0.72,0.72,-3919.9655172413795,1695.851851851852,-504.55555555555554,413.6551724137931,-2212.2605363984676,1054.7535121328226,-0.05048476600574482,0.020642988788194983
290,0.66,0.66,-3867.0333333333333,426.1666666666667,-762.2333333333333,-604.8666666666667,-2314.633333333333,-89.35,-0.05282095860764523,-0.0017487033956355806
291,0.6,0.6,-4066.3214285714284,-453.96153846153845,-768.6333333333333,-1547.3333333333333,-2417.477380952381,-1000.6474358974358,-0.05516790535903641,-0.019584057851011562
292,0.52,0.52,-4250.689655172414,-2083.862068965517,-960.9310344827586,-3509.7586206896553,-2605.810344827586,-2796.810344827586,-0.059465747071607455,-0.05473745659707576
293,0.46,0.46,-4629.758620689655,-3577.896551724138,-1157.9,-4494.9,-2893.8293103448277,-4036.3982758620687,-0.06603846752659803,-0.0789979112606335
294,0.4,0.4,-4722.241379310345,-4908.862068965517,-1304.7,-5980.266666666666,-3013.4706896551725,-5444.564367816092,-0.06876873683245496,-0.10655767428938433
295,0.32,0.32,-5118.933333333333,-7005.466666666666,-1712.7586206896551,-7638.466666666666,-3415.845977011494,-7321.966666666666,-0.0779511192392527,-0.1433010405453893
296,0.26,0.26,-5929.0,-9623.961538461539,-2340.4333333333334,-10546.23076923077,-4134.716666666667,-10085.096153846154,-0.09435606701032888,-0.19737931605531175
297,0.2,0.2,-6493.172413793103,-11939.137931034482,-2978.689655172414,-12142.689655172413,-4735.931034482759,-12040.913793103447,-0.10807604536690171,-0.23565737925635477
298,0.12,0.12,-7517.933333333333,-14650.833333333334,-3776.5185185185187,-15554.733333333334,-5647.225925925926,-15102.783333333333,-0.1288721987131242,-0.2955824118472127
299,0.06,0.06,-8316.966666666667,-18064.571428571428,-4405.107142857143,-18125.2,-6361.036904761905,-18094.885714285716,-0.14516168164063378,-0.3541420043895825
300,0.0,0.0,-8879.965517241379,-20322.03448275862,-4708.7037037037035,-20771.275862068964,-6794.334610472541,-20546.65517241379,-0.15504972734036843,-0.4021265323889576
301,0.08,0.08,-7908.074074074074,-16623.566666666666,-3975.5,-16872.566666666666,-5941.7870370370365,-16748.066666666666,-0.13559421383031567,-0.3277828880842874
302,0.14,0.14,-4859.333333333333,-4034.4333333333334,-1393.6666666666667,-5150.033333333334,-3126.5,-4592.233333333334,-0.07134811579377705,-0.08987637407443651
303,0.2,0.2,-3424.366666666667,1973.8666666666666,8.03448275862069,778.2333333333333,-1708.1660919540232,1376.05,-0.03898110734806949,0.026931206575985907
304,0.28,0.28,-2395.0,5816.0,1158.655172413793,4346.413793103448,-618.1724137931035,5081.206896551725,-0.014106968482273791,0.0994462647333736
305,0.34,0.34,-1649.5172413793102,8368.166666666666,1796.3333333333333,6708.0,73.40804597701151,7538.083333333333,0.001675204146669671,0.14753074338650227
306,0.4,0.4,-1326.4137931034484,9801.896551724138,2166.8571428571427,8120.766666666666,420.22167487684715,8961.331609195402,0.0095896448802713,0.1753856856677836
307,0.48,0.48,-823.0689655172414,10800.758620689656,2487.222222222222,8762.586206896553,832.0766283524904,9781.672413793105,0.01898835746969105,0.19144089272518064
308,0.54,0.54,-604.4666666666667,12029.48275862069,2854.4615384615386,10097.466666666667,1124.997435897436,11063.474712643678,0.025672940132452433,0.2165275411027239
309,0.6,0.6,-42.666666666666664,13316.92857142857,3059.1,11604.655172413793,1508.2166666666667,12460.791871921181,0.03441817283717824,0.24387497547550996
310,0.68,0.68,357.48275862068965,15166.466666666667,3431.551724137931,12868.0,1894.5172413793105,14017.233333333334,0.043233723176471485,0.27433669308803865
311,0.74,0.74,554.0,18106.58620689655,3730.137931034483,15601.137931034482,2142.0689655172414,16853.862068965514,0.04888296324643542,0.32985345080664474
312,0.8,0.8,914.551724137931,21627.2,3981.733333333333,19529.066666666666,2448.142528735632,20578.13333333333,0.055867697623508725,0.40274260364680164
313,0.88,0.88,1668.0666666666666,27522.033333333333,4467.892857142857,25059.666666666668,3067.9797619047617,26290.85,0.07001265802186006,0.5145483902534495
314,0.94,0.94,2694.344827586207,36042.793103448275,5090.0,34132.10344827586,3892.1724137931033,35087.44827586207,0.08882109965413564,0.6867100161632659
315,1.0,1.0,3448.8333333333335,44705.13333333333,5692.266666666666,42507.46666666667,4570.55,43606.3,0.10430197685630824,0.853435756923378
316,1.08,1.08,4569.266666666666,56194.379310344826,6633.62962962963,52754.96666666667,5601.448148148148,54474.67298850574,0.12782752953363571,1.0661448867502836
317,1.14,1.14,6261.793103448276,70798.42857142857,7888.448275862069,67647.44827586207,7075.120689655172,69222.93842364532,0.1614573901232896,1.354788891743719
318,1.2,1.2,7565.466666666666,83526.03448275862,9136.0,79373.4,8350.733333333334,81449.71724137932,0.1905674360561716,1.5940839072586226
319,1.28,1.28,9747.2,99576.93333333333,10836.633333333333,94793.5,10291.916666666668,97185.21666666667,0.23486610013537096,1.9020494503702257
320,1.34,1.34,12363.137931034482,119205.69230769231,13122.24,114390.1724137931,12742.688965517242,116797.9323607427,0.29079381027852524,2.2858974921370527
321,1.4,1.4,15059.137931034482,135853.37931034484,15399.137931034482,130336.8275862069,15229.137931034482,133095.10344827588,0.3475356777683833,2.604855728511124
322,1.48,1.48,18805.137931034482,157652.73333333334,18683.55172413793,151322.5,18744.344827586207,154487.61666666667,0.4277542572324025,3.023536875754314
323,1.54,1.54,23716.03448275862,185770.35714285713,23773.8,179234.1724137931,23744.91724137931,182502.2647783251,0.5418695361751428,3.5718223853278226
324,1.6,1.6,28588.733333333334,209373.56666666668,28089.933333333334,201687.4,28339.333333333336,205530.48333333334,0.6467161478282785,4.022516554131194
325,1.68,1.68,34546.44827586207,239599.0,33882.275862068964,231117.93103448275,34214.36206896552,235358.4655172414,0.7807869076305023,4.606291525927026
326,1.74,1.74,43562.31034482759,281956.7931034483,42294.58620689655,272088.0344827586,42928.44827586207,277022.4137931034,0.9796462173143694,5.421712766280525
327,1.8,1.8,51423.65517241379,318831.7,49809.4,307966.4,50616.527586206896,313399.05000000005,1.1550915948503437,6.133653977884334
328,1.88,1.88,62779.793103448275,372645.9310344828,60456.8275862069,360423.7586206897,61618.31034482759,366534.8448275862,1.4061571538460416,7.1735951624931245
329,1.94,1.94,76863.4827586207,443272.0344827586,73715.8275862069,429177.8275862069,75289.6551724138,436224.9310344828,1.7181433025155683,8.537526784117484
330,2.0,2.0,87828.03846153847,502523.3793103448,84571.8,487626.2,86199.91923076924,495074.7896551724,1.96712036420635,9.689300120465258
331,1.92,1.92,89066.72413793103,520123.5862068966,85220.86206896552,503163.5862068966,87143.79310344828,511643.5862068966,1.9886599843447232,10.01357444381831
332,1.86,1.86,61212.1,379865.8333333333,58487.36666666667,366280.4,59849.73333333334,373073.1166666667,1.3657974425374524,7.301558208565744
333,1.8,1.8,44083.137931034486,286311.7586206897,42458.68965517241,276262.0689655172,43270.91379310345,281286.9137931034,0.9874614322126625,5.505174944575857
334,1.72,1.72,30749.103448275862,216414.44827586206,30325.48275862069,208264.93103448275,30537.293103448275,212339.6896551724,0.6968745640087436,4.1557821637180234
335,1.66,1.66,20136.866666666665,160252.83333333334,20219.9,153771.16666666666,20178.38333333333,157012.0,0.46047965155857584,3.072942557980233
336,1.6,1.6,14159.034482758621,129079.6551724138,15015.931034482759,123363.72413793103,14587.48275862069,126221.6896551724,0.33289282232585804,2.4703334896794678
337,1.52,1.52,9546.866666666667,101418.56666666667,10831.4,96738.73333333334,10189.133333333333,99078.65,0.23252053891089083,1.9391065662002152
338,1.46,1.46,5598.9655172413795,76829.79310344828,7495.178571428572,72629.41379310345,6547.0720443349755,74729.60344827586,0.1494070859841396,1.4625619619977661
339,1.4,1.4,3081.2,60760.0,5354.3,57353.6,4217.75,59056.8,0.09625092448079423,1.1558234660925728
340,1.32,1.32,1234.7,45101.36666666667,3565.5666666666666,42339.333333333336,2400.133333333333,43720.350000000006,0.05477210650477235,0.8556678735688424
341,1.26,1.26,-381.58620689655174,31472.533333333333,2296.3,28989.166666666668,957.3568965517243,30230.85,0.021847308719380603,0.5916596535864566
342,1.2,1.2,-869.6206896551724,24325.928571428572,1863.1785714285713,22080.310344827587,496.77894088669944,23203.11945812808,0.011336715623954632,0.4541172220007453
343,1.12,1.12,-1393.655172413793,17511.066666666666,1452.3793103448277,14891.433333333332,29.362068965517324,16201.25,0.00067005542827334,0.31708092768372637
344,1.06,1.06,-1943.3666666666666,11838.866666666667,977.7666666666667,9692.033333333333,-482.79999999999995,10765.45,-0.011017709996876877,0.2106947842254624
345,1.0,1.0,-2122.0,9378.586206896553,884.4285714285714,8019.0,-618.7857142857142,8698.793103448275,-0.014120964271355247,0.17024744306582396
346,0.92,0.92,-2651.846153846154,7241.0,684.9333333333333,5443.266666666666,-983.4564102564102,6342.133333333333,-0.02244291119050269,0.12412434354307336
347,0.86,0.86,-2712.48,5499.9655172413795,438.60714285714283,3411.4666666666667,-1136.9364285714287,4455.716091954023,-0.025945393237127017,0.08720454236136653
348,0.8,0.8,-2956.103448275862,4538.689655172414,326.1666666666667,2832.4,-1314.9683908045977,3685.5448275862072,-0.030008161526397924,0.07213122277299554
349,0.72,0.72,-3003.266666666667,2872.633333333333,78.27586206896552,1330.3666666666666,-1462.4954022988506,2101.5,-0.03337479331875418,0.041129269008709265
350,0.66,0.66,-2933.5862068965516,1331.5714285714287,-155.68965517241378,-224.58620689655172,-1544.6379310344828,553.4926108374385,-0.035249322233458655,0.010832617885065829
351,0.6,0.6,-3032.896551724138,344.0,-283.2068965517241,-1287.1724137931035,-1658.0517241379312,-471.58620689655174,-0.037837475261751095,-0.009229595985841114
352,0.52,0.52,-3071.733333333333,-1669.2068965517242,-662.2,-3389.5333333333333,-1866.9666666666667,-2529.3701149425287,-0.04260500684997771,-0.049503280456845655
353,0.46,0.46,-3593.793103448276,-4081.793103448276,-1096.2413793103449,-5208.633333333333,-2345.0172413793102,-4645.213218390804,-0.05351433285665589,-0.09091326388865455
354,0.4,0.4,-3737.6428571428573,-5576.275862068966,-1322.1724137931035,-6859.241379310345,-2529.9076354679805,-6217.758620689656,-0.057733613600809267,-0.12169015795458765
355,0.32,0.32,-4082.0333333333333,-7387.0344827586205,-1824.0,-8336.533333333333,-2953.0166666666664,-7861.783908045976,-0.06738914923214036,-0.1538660124874445
356,0.26,0.26,-4884.076923076923,-9813.8,-2412.9666666666667,-10899.366666666667,-3648.5217948717946,-10356.583333333332,-0.08326088453434577,-0.20269269661088818
357,0.2,0.2,-5213.586206896552,-11845.586206896553,-3019.4827586206898,-12654.4,-4116.5344827586205,-12249.993103448276,-0.09394114151445328,-0.23974935127602068
358,0.12,0.12,-6265.172413793103,-14997.103448275862,-3960.1724137931033,-15616.172413793103,-5112.672413793103,-15306.637931034482,-0.11667345063008473,-0.29957212899568414
359,0.06,0.06,-7117.566666666667,-19068.966666666667,-4787.758620689655,-19233.566666666666,-5952.662643678161,-19151.266666666666,-0.13584239999438363,-0.3748168444400952
360,0.0,0.0,-7619.033333333334,-21199.51724137931,-5069.633333333333,-21745.266666666666,-6344.333333333334,-21472.39195402299,-0.14478049873692186,-0.4202444848619824
361,0.08,0.08,-6645.862068965517,-16793.964285714286,-4098.586206896552,-17587.896551724138,-5372.224137931034,-17190.93041871921,-0.12259653601894371,-0.336450345801335
362,0.14,0.14,-3635.266666666667,-3656.4333333333334,-1210.5333333333333,-5430.533333333334,-2422.9,-4543.483333333334,-0.05529165192923154,-0.08892226897609029
363,0.2,0.2,-2493.310344827586,2534.9333333333334,337.6666666666667,741.0333333333333,-1077.8218390804598,1637.9833333333333,-0.024596372102918398,0.032057605114655705
364,0.28,0.28,-1349.8620689655172,6315.724137931034,1578.5,4588.103448275862,114.3189655172414,5451.913793103448,0.0026088094639849495,0.10670151273321163
365,0.34,0.34,-616.6666666666666,9097.3,2184.1,7035.433333333333,783.7166666666667,8066.366666666667,0.01788476170889055,0.15786998075480316
366,0.4,0.4,-287.6333333333333,10487.166666666666,2579.896551724138,8378.466666666667,1146.1316091954025,9432.816666666666,0.02615523133464948,0.1846133020191147
367,0.48,0.48,327.62068965517244,11597.0,2933.310344827586,9516.066666666668,1630.4655172413793,10556.533333333333,0.03720794579302687,0.20660599536810514
368,0.54,0.54,556.3076923076923,12797.931034482759,3244.25,10852.241379310344,1900.2788461538462,11825.08620689655,0.04336520555120731,0.23143333412068795
369,0.6,0.6,856.0344827586207,13958.266666666666,3524.5333333333333,11786.033333333333,2190.283908045977,12872.15,0.04998324960579271,0.2519258244446619
370,0.68,0.68,1073.1724137931035,15677.275862068966,3903.366666666667,13016.857142857143,2488.269540229885,14347.066502463054,0.056783413811754425,0.28079198556537927
371,0.74,0.74,1216.392857142857,18355.103448275862,4259.2,15578.931034482759,2737.7964285714284,16967.01724137931,0.062477728004319055,0.3320680544354499
372,0.8,0.8,1678.8214285714287,21292.206896551725,4411.966666666666,18815.933333333334,3045.3940476190473,20054.07011494253,0.06949724201093976,0.3924859597796757
373,0.88,0.88,1959.4333333333334,26293.566666666666,4861.862068965517,24091.758620689656,3410.6477011494253,25192.66264367816,0.07783249227998999,0.4930553409076849
374,0.94,0.94,2785.4137931034484,33878.51724137931,5375.785714285715,31359.03448275862,4080.5997536945815,32618.775862068964,0.09312109506945758,0.6383946738833343
375,1.0,1.0,3444.3793103448274,41761.8,5860.533333333334,39005.86666666667,4652.45632183908,40383.833333333336,0.10617111542493675,0.7903676158789184
376,1.08,1.08,4525.366666666667,53054.73333333333,6785.931034482759,49788.6,5655.648850574713,51421.666666666664,0.1290644135869972,1.0063933196333625
377,1.14,1.14,6289.923076923077,67740.44827586207,7980.5,63876.6,7135.211538461539,65808.52413793103,0.162828689927794,1.2879640696336438
378,1.2,1.2,7410.379310344828,80395.72413793103,9243.172413793103,75879.10344827586,8326.775862068966,78137.41379310345,0.19002071594297915,1.5292575358274478
379,1.28,1.28,9524.551724137931,96150.03333333334,10912.766666666666,90963.03333333334,10218.659195402299,93556.53333333334,0.2331943321703847,1.8310310858857686
380,1.34,1.34,12339.42857142857,117122.89655172414,13438.827586206897,111809.75862068965,12889.128078817734,114466.3275862069,0.29413561575189856,2.2402647536198628
381,1.4,1.4,14735.1,133729.33333333334,15734.533333333333,127505.46666666666,15234.816666666666,130617.4,0.3476652690325596,2.556363636363636
382,1.48,1.48,18318.241379310344,154469.60714285713,18865.172413793105,148106.27586206896,18591.706896551725,151287.94150246304,0.4242709919907679,2.9609147960164997
383,1.54,1.54,23382.51724137931,183269.5357142857,23781.76923076923,175854.3448275862,23582.14323607427,179561.94027093594,0.5381549612259278,3.51427615756798
384,1.6,1.6,28425.533333333333,207665.3,28355.8,199915.4,28390.666666666664,203790.34999999998,0.6478875972479959,3.9884597318720028
385,1.68,1.68,35182.03448275862,241254.5172413793,34828.48,232211.10344827586,35005.25724137931,236732.8103448276,0.798835486022352,4.633189359914426
386,1.74,1.74,44363.6,284095.1,43849.566666666666,273688.06666666665,44106.58333333333,278891.5833333333,1.0065317815239223,5.45829500603451
387,1.8,1.8,52387.58620689655,322416.46428571426,51737.75862068965,310267.8620689655,52062.6724137931,316342.1631773399,1.1880932608069061,6.1912547837819725
388,1.88,1.88,62582.31034482759,371198.3793103448,62087.56,358311.1724137931,62334.935172413796,364754.775862069,1.4225108500492452,7.138756744536041
389,1.94,1.94,77190.76666666666,444188.73333333334,75173.56666666667,429626.8333333333,76182.16666666666,436907.7833333333,1.7385108104123317,8.550891150471344
390,2.0,2.0,89516.6551724138,508649.6206896552,86923.44827586207,491565.0,88220.05172413794,500107.3103448276,2.013220683111081,9.787793528619778
391,1.92,1.92,90509.26666666666,524122.26666666666,87524.66666666667,506832.93333333335,89016.96666666667,515477.6,2.031406635325164,10.088611410118407
392,1.86,1.86,61578.93103448276,380238.7931034483,59566.8275862069,366345.1379310345,60572.879310344826,373291.9655172414,1.3822999542609835,7.305841384034473
393,1.8,1.8,44323.03571428572,288573.0689655172,43228.862068965514,277542.6551724138,43775.948891625616,283057.8620689655,0.9989865570133282,5.5398348579893435
394,1.72,1.72,30740.4,217470.03333333333,30458.2,208628.5,30599.300000000003,213049.26666666666,0.6982895888720685,4.169669569755683
395,1.66,1.66,20171.793103448275,161073.62068965516,20357.758620689656,154108.8275862069,20264.775862068964,157591.224137931,0.46245116735705566,3.084278777530698
396,1.6,1.6,14139.733333333334,129299.66666666667,14779.827586206897,122889.9,14459.780459770114,126094.78333333333,0.329978599263161,2.467849756988616
397,1.52,1.52,9151.103448275862,99937.3448275862,10124.793103448275,93746.23076923077,9637.948275862069,96841.78779840848,0.21994225159144115,1.895328071208699
398,1.46,1.46,5228.666666666667,74614.9,6713.482758620689,69741.5,5971.074712643678,72178.2,0.13626257156916524,1.4126274586554457
399,1.4,1.4,2752.3793103448274,58423.793103448275,4704.724137931034,54576.41379310345,3728.551724137931,56500.10344827586,0.08508720299276512,1.105785369376179
400,1.32,1.32,1155.2,43661.2,3162.3333333333335,40769.86666666667,2158.766666666667,42215.53333333333,0.04926401218777529,0.8262165247741136
401,1.26,1.26,-762.0,30178.068965517243,1842.9310344827586,26841.933333333334,540.4655172413793,28510.00114942529,0.012333662660061261,0.5579802553953477
402,1.2,1.2,-914.6071428571429,23006.620689655174,1355.7931034482758,19947.96551724138,220.59298029556646,21477.293103448275,0.005034029586253784,0.4203404071523295
403,1.12,1.12,-1787.7,16013.4,821.1333333333333,13048.733333333334,-483.28333333333336,14531.066666666666,-0.011028739877776817,0.28439312391949634
404,1.06,1.06,-2297.233333333333,11137.366666666667,487.85714285714283,8451.0,-904.6880952380951,9794.183333333334,-0.020645383328418105,0.19168574876863362
405,1.0,1.0,-2143.0,9373.333333333334,503.0,6802.833333333333,-820.0,8088.083333333334,-0.01871276345782734,0.15829500603451088
406,0.92,0.92,-2619.3793103448274,7325.206896551724,203.55172413793105,4849.758620689655,-1207.9137931034481,6087.482758620689,-0.027565128155843683,0.11914047868912202
407,0.86,0.86,-2993.366666666667,5673.666666666667,27.066666666666666,3289.133333333333,-1483.15,4481.4,-0.033846140393264175,0.08770721205597416
408,0.8,0.8,-3236.0333333333333,4522.0,-78.89655172413794,2244.2758620689656,-1657.4649425287357,3383.137931034483,-0.03782408464534344,0.06621270048017384
409,0.72,0.72,-3348.0,2931.793103448276,-431.11538461538464,619.3793103448276,-1889.5576923076924,1775.5862068965516,-0.043120544068380416,0.03475068415493789
410,0.66,0.66,-3549.766666666667,1619.9,-588.8,-592.1333333333333,-2069.2833333333333,513.8833333333334,-0.04722196285840384,0.01005740940078938
411,0.6,0.6,-3798.1666666666665,546.7142857142857,-633.3103448275862,-1646.7857142857142,-2215.7385057471265,-550.0357142857142,-0.05056413480786071,-0.010764961626102637
412,0.52,0.52,-3735.4,-1160.4,-828.8275862068965,-3304.4827586206898,-2282.113793103448,-2232.441379310345,-0.0520788482855975,-0.04369197336941667
413,0.46,0.46,-4032.0714285714284,-2871.0,-1015.0357142857143,-4833.482758620689,-2523.5535714285716,-3852.2413793103447,-0.05758861104304665,-0.07539370543713367
414,0.4,0.4,-4165.620689655172,-4469.0,-1306.2,-6333.137931034483,-2735.910344827586,-5401.068965517241,-0.06243468673729445,-0.10570640895424681
415,0.32,0.32,-4749.566666666667,-6982.3,-1872.448275862069,-8572.066666666668,-3311.0074712643677,-7777.183333333334,-0.07555865806935265,-0.1522102619303911
416,0.26,0.26,-5405.666666666667,-9494.766666666666,-2487.535714285714,-10729.166666666666,-3946.601190476191,-10111.966666666667,-0.09006318846312286,-0.1979052092507421
417,0.2,0.2,-6149.931034482759,-11715.241379310344,-3221.1481481481483,-13300.48275862069,-4685.539591315453,-12507.862068965518,-0.10692609029825739,-0.24479620450074407
418,0.12,0.12,-7222.766666666666,-14907.827586206897,-4219.3,-16175.633333333333,-5721.033333333333,-15541.730459770115,-0.13055651646464894,-0.3041732157700385
419,0.06,0.06,-7734.6551724137935,-18898.866666666665,-5112.5,-20121.233333333334,-6423.577586206897,-19510.05,-0.1465888877118185,-0.3818387317741462
420,0.0,0.0,-7237.430232558139,-19024.30681818182,-4811.595505617977,-19890.786516853932,-6024.512869088058,-19457.546667517876,-0.13748205398522143,-0.3808111687546311
